A11,A12,A21,A22,B1,step_amp,best_Kp,best_Ki,best_Kd,best_Score
-4.36040608466594,-0.182683665842189,5.39205469114716,-9.62130650981093,1.85511314162065,1.17904104693701,17.4734529839107,35.9542810342049,0,204.395204497208
-3.84353211793518,-0.185217135106478,4.81724883348661,-9.15034246779089,1.96204304699845,1.15538836253432,16.030941306542,30.1430517759378,0,198.440670885807
-3.67592163212961,-0.181579740945719,4.63273709546072,-10.9252742233317,1.90656850394375,1.223240234528,23.5578910043638,61.6067645803504,0.234556494922767,919.407833026324
-4.1582329334286,-0.185067389187495,4.599194663991,-9.2384870356694,2.14243462713514,1.11043665004944,12.1002161212574,27.3489082040614,0,184.427718182153
-4.230500809439,-0.180198889168135,4.84106785213298,-10.6246923370611,1.93413720606441,0.922727024553668,6.52457296579227,21.7936626122042,0,155.2874493623
-3.87399821936429,-0.188897441193322,5.25422531022763,-10.29921031082,2.07169248592512,1.09199302773252,26.2693296433666,50.0758624323859,0,197.330429891624
-4.02350525864123,-0.20250360905967,5.17741884284124,-9.81829440759107,1.90392982811958,1.31289733479582,14.7629308718156,34.2108492678306,0,233.13457923477
-4.17819238382613,-0.181535303423248,5.03028284166563,-10.5397174604659,2.09416661095304,1.06459590800885,24.919089886498,69.9825873100546,0,193.877500562579
-4.32750333941341,-0.184340196848369,5.09581949160791,-10.5895765974811,2.05697780667353,1.37230836782579,12.0924891156013,33.1689160503065,0,243.919018358362
-3.92436900002223,-0.209202876716382,4.68810397890903,-10.9464630205744,1.87891767612531,0.870988817064014,27.0269970772228,30.6026709051114,0,275.589679033871
-4.27594749603658,-0.209540887851863,5.39573202715446,-10.0276720802764,2.0795828788202,0.788031703179059,23.9255654144016,67.669544331917,0.345030664234614,611.763874595385
-3.88478471222854,-0.216059951100903,4.5746494692267,-9.09294347164699,1.99987937944898,0.805846883167872,26.7122328667465,45.4991768626518,0,133.714207060874
-4.1460169502045,-0.217100747609333,5.26719327960715,-10.9931728442726,2.03269303737305,1.39614369649395,24.0717768371665,68.7596235933151,0,277.378918137733
-4.32155020187166,-0.206563820569946,5.38575382163506,-10.2709988204094,1.98781229753139,1.33018569468562,9.14068779233785,28.9974149234033,0,232.613760622775
-3.90387795145112,-0.20557794690599,4.61946943362586,-9.59224148954231,2.02555772375454,1.42043773634624,26.2799713941727,51.5824898506059,0,285.384064211822
-4.23771208118898,-0.198244345206342,5.03595802615678,-10.428451387225,2.16751031771807,1.14301523149615,15.9555592995115,41.6871441983139,0,194.650638797357
-4.09515016005708,-0.203218050668406,5.18683647111069,-9.54043281340381,2.14177236086201,1.13512514615238,19.6376501970269,26.3469356658195,0.0416640904962583,678.90492568496
-3.78895140147149,-0.206614828359594,4.81574949649165,-9.02740106801016,1.93423743685503,0.998533116230507,19.5526970572314,64.285983402641,0.277336198772248,764.577210523943
-4.00876476835062,-0.190267069890688,4.99176388982986,-9.33185801261214,2.15599875317337,1.25247459299692,17.3647762244935,37.2529308497592,0,223.393078245311
-4.28077821320136,-0.205021941502991,4.77968620328148,-9.37427323377278,1.82312924642684,1.06985315834644,15.3358141533634,32.9157797635809,0,180.096274500972
-4.19199355127138,-0.204086378760758,5.0076746880067,-9.64328828308798,2.14847534344744,1.34660452522625,16.2796259856163,0,0,344.05497733533
-4.25555329080438,-0.203384176201245,5.34967849104425,-10.8113756998183,2.06938821849863,0.868409955006404,27.5817272161627,60.1402828527838,0,145.946518844973
-3.64062236853771,-0.192277734753456,5.11484789895563,-10.8952837946557,2.1776239751239,1.41081482843257,19.5040524144541,61.8983274965276,0.202620603333181,1025.07325484438
-3.82226591491378,-0.214753162325021,5.04704020194995,-10.9781040888103,1.85314133026632,1.42001940225428,15.0028024408946,39.316239815642,0,260.126089025913
-4.05818851268951,-0.197570797196482,4.99393587487271,-10.557843008226,1.97874688008263,0.982480200088814,22.3113679599501,47.8095268904735,0,164.419626268771
-4.11553130795809,-0.219303637380159,5.48943711205991,-10.6302898930597,2.14113994416995,0.806258123118401,25.7339588229949,75.5297920493989,0,137.95196239592
-4.09451813653492,-0.185686852508338,4.76213014465926,-10.4488203566554,1.88008823634651,1.23891805308304,22.3886820826846,46.101235072023,0,224.682795446831
-4.38610187474037,-0.202537417548619,5.08867686153355,-10.0614091018175,1.86333934019309,0.905995382792506,17.6103220187329,51.6809737513628,0,147.803704920905
-4.25347983952952,-0.218428859478032,5.09952569139507,-10.9536079870482,1.92858462914301,1.48913794711754,25.030050154247,68.1193364484428,0,301.569942980545
-3.95450759025316,-0.207542667579306,4.82229211105209,-9.20856052164606,1.81938001239747,0.858965791319955,24.6055717335553,35.400863782419,0,143.048956872634
-4.08290663547738,-0.184756646527801,5.27569217867495,-9.90272695839142,2.06259920139135,0.777812955001158,13.8746353428407,33.4928797916091,0,116.53853294016
-4.01121885354315,-0.190878834876745,5.41744448569318,-10.8890872295982,2.02047152905161,0.999102221134991,24.8951317306559,52.3230885510778,0,170.848994472801
-4.00300606293772,-0.21085352688359,5.27657729195984,-10.4803230967243,2.17422799101056,1.15335353283797,10.1214468412231,25.7463117131637,0,189.005095650884
-4.16657456079009,-0.211666680136852,4.75516826495087,-9.53471341061893,2.14903255697889,1.06258247534536,23.2701186489902,42.5727742969747,0,186.537732719558
-3.70539935574988,-0.191022660208679,5.17924637861141,-10.2648906687269,2.19658008685733,0.813703746368815,22.0830337323932,59.6267826676448,0.126001267736985,596.933518901866
-3.74541755903527,-0.20794553141731,5.21886390252157,-9.54257518391859,2.0737628349097,1.41206762469518,27.657408149281,75.849631144052,0,312.000841360797
-4.01908824082696,-0.197064973632921,5.04318260636085,-10.606811404371,2.14880400032708,0.833647099540037,20.8997053895288,40.8220646587139,0,131.547653973075
-4.13920728866406,-0.201663505577374,5.46683712031117,-10.5675149215245,2.17144058557144,0.824960596588964,19.9239657832226,45.2260137166489,0,129.066270534116
-3.72861252511807,-0.202972656330772,4.88058135935426,-10.275402253259,2.17473842469247,0.906358707936558,13.8061571088744,35.5920913434523,0,141.579607874649
-3.70345210563597,-0.194864317236373,4.52071159024412,-9.12173911636177,1.88480634660232,1.34249077277177,21.0669957065145,37.334582815097,0,252.081749144538
-3.9570436325296,-0.215757198860361,4.59587369496622,-9.88023659441325,2.10166835673426,1.02442442928309,20.6522398584707,40.9184121642183,0,172.84296836792
-3.77455731276351,-0.186683125460429,4.9138755589788,-10.3615236485619,2.00217977650912,1.35558114632165,17.5819965709554,36.2476163539553,0,245.658771944839
-4.38112289339202,-0.185428594153047,4.9490602793222,-9.24266691729879,2.10091472283797,1.38958119215358,16.9970143015633,27.5629418014076,0,257.826302942523
-4.19193239975842,-0.203842673035629,4.94597683719795,-10.9222810434033,1.98033873413817,1.17214886455644,7.07634680430614,62.2534358323702,0.148415680688763,806.35818769609
-3.67471815894772,-0.206039002209701,5.22632110430851,-9.50842673132238,2.09580418566935,1.10674127614319,15.9404209823836,44.3364275635408,0.184044005718707,770.292594969982
-4.25177894911454,-0.216231677483025,4.62698681629351,-10.826751712278,2.05294369849016,0.823155303749557,19.6271753930571,49.607037074549,0,129.550913068903
-3.91083768463669,-0.199700028026505,5.25156978981805,-9.69998568589908,2.11119497453468,1.46631923660905,18.0291956101034,22.8300289437297,0.0326919094878972,883.279538735031
-4.06756661234838,-0.206471947885082,4.53404400177012,-9.29148501111717,1.81023858433381,1.13887935042018,24.8540578633758,49.9379057708163,0,206.607127985242
-4.37840410505048,-0.203324477937754,4.72330079809529,-10.6908246049165,2.02536459897312,0.8764810618033,23.5378829462292,67.1673604349517,0.0500379794650276,681.249403627099
-4.12110733934118,-0.193163073109255,5.43419505677614,-9.04268581643337,2.17607490629657,0.797876680495671,19.089366247522,50.3542715214302,0,129.600147583974
-4.24129329421577,-0.212134175384403,4.88176811949181,-10.2537178733949,2.04630386497758,1.30845244964152,13.916738155424,32.6522767901488,0,231.155345339201
